Time,Untitled
2025/1/13 17:51:07,23.46 
2025/1/13 17:51:48,18.47 
2025/1/13 17:51:50,17.12 
2025/1/13 17:51:52,17.12 
2025/1/13 17:51:54,17.48 
2025/1/13 17:51:56,22.04 
2025/1/13 17:51:58,19.59 
2025/1/13 17:52:00,24.84 
2025/1/13 17:52:02,21.88 
2025/1/13 17:52:04,21.88 
2025/1/13 17:52:06,22.22 
2025/1/13 17:52:09,23.82 
2025/1/13 17:52:11,20.75 
2025/1/13 17:52:13,20.75 
2025/1/13 17:52:15,22.33 
2025/1/13 17:52:17,19.53 
2025/1/13 17:52:19,19.53 
2025/1/13 17:52:21,19.28 
2025/1/13 17:52:23,19.53 
2025/1/13 17:52:25,18.37 
2025/1/13 17:52:28,20.03 
2025/1/13 17:52:30,18.80 
2025/1/13 17:52:32,17.53 
2025/1/13 17:52:34,17.53 
2025/1/13 17:52:36,18.89 
2025/1/13 17:52:38,18.63 
2025/1/13 17:52:40,18.68 
2025/1/13 17:52:42,23.80 
2025/1/13 17:52:44,23.91 
2025/1/13 17:52:47,23.94 
2025/1/13 17:52:49,23.94 
2025/1/13 17:52:51,24.36 
2025/1/13 17:52:53,22.78 
2025/1/13 17:52:55,22.82 
2025/1/13 17:52:57,27.61 
2025/1/13 17:52:59,23.35 
2025/1/13 17:53:01,23.24 
2025/1/13 17:53:03,25.55 
2025/1/13 17:53:06,25.55 
2025/1/13 17:53:08,23.51 
2025/1/13 17:53:10,26.18 
2025/1/13 17:53:12,26.73 
2025/1/13 17:53:14,24.00 
2025/1/13 17:53:16,31.24 
2025/1/13 17:53:18,27.24 
2025/1/13 17:53:20,27.24 
2025/1/13 17:53:22,25.90 
2025/1/13 17:53:25,25.93 
2025/1/13 17:53:29,23.65 
2025/1/13 17:53:31,28.65 
2025/1/13 17:53:33,25.73 
2025/1/13 17:53:35,25.73 
2025/1/13 17:53:37,26.13 
2025/1/13 17:53:52,33.76 
2025/1/13 17:54:06,24.63 
2025/1/13 17:54:07,24.63 
2025/1/13 17:54:07,24.63 
2025/1/13 17:54:08,24.63 
2025/1/13 17:54:09,24.68 
2025/1/13 17:54:09,24.68 
2025/1/13 17:54:10,24.68 
2025/1/13 17:54:11,24.68 
2025/1/13 17:54:11,30.30 
2025/1/13 17:54:12,30.30 
2025/1/13 17:54:12,30.30 
2025/1/13 17:54:13,30.30 
2025/1/13 17:54:14,27.88 
2025/1/13 17:54:14,27.88 
2025/1/13 17:54:15,27.88 
2025/1/13 17:54:15,27.88 
2025/1/13 17:54:16,27.85 
2025/1/13 17:54:17,27.85 
2025/1/13 17:54:17,27.85 
2025/1/13 17:54:18,27.85 
2025/1/13 17:54:18,32.93 
2025/1/13 17:54:19,32.93 
2025/1/13 17:54:20,32.93 
2025/1/13 17:54:20,32.93 
2025/1/13 17:54:21,28.60 
2025/1/13 17:54:34,28.60 
2025/1/13 17:54:41,28.06 
2025/1/13 17:54:43,28.01 
2025/1/13 17:54:45,25.67 
2025/1/13 17:54:47,29.25 
2025/1/13 17:54:49,29.25 
2025/1/13 17:54:51,26.19 
2025/1/13 17:54:53,26.30 
2025/1/13 17:54:55,25.83 
2025/1/13 17:54:58,24.01 
2025/1/13 17:55:00,24.03 
2025/1/13 17:55:02,27.59 
2025/1/13 17:55:04,27.59 
2025/1/13 17:55:06,24.84 
2025/1/13 17:55:08,30.51 
2025/1/13 17:55:10,30.40 
2025/1/13 17:55:12,28.01 
2025/1/13 17:55:15,27.41 
2025/1/13 17:55:17,28.89 
2025/1/13 17:55:19,28.89 
2025/1/13 17:55:21,26.43 
2025/1/13 17:55:23,33.15 
2025/1/13 17:55:25,38.00 
2025/1/13 17:55:27,36.18 
2025/1/13 17:55:29,50.62 
2025/1/13 17:55:32,43.14 
2025/1/13 17:55:34,43.14 
2025/1/13 17:55:36,38.14 
2025/1/13 17:55:38,36.11 
2025/1/13 17:55:40,32.50 
2025/1/13 17:55:42,37.78 
2025/1/13 17:55:44,38.63 
2025/1/13 17:55:46,36.58 
2025/1/13 17:55:48,36.54 
2025/1/13 17:55:51,36.54 
2025/1/13 17:55:53,38.89 
2025/1/13 17:55:55,35.80 
2025/1/13 17:55:57,43.17 
2025/1/13 17:55:59,43.91 
2025/1/13 17:56:01,38.73 
2025/1/13 17:56:03,45.40 
2025/1/13 17:56:05,45.40 
2025/1/13 17:56:07,42.02 
2025/1/13 17:56:10,38.41 
2025/1/13 17:56:12,48.76 
2025/1/13 17:56:16,41.99 
2025/1/13 17:56:18,51.70 
2025/1/13 17:56:20,51.70 
2025/1/13 17:56:22,43.69 
2025/1/13 17:56:24,43.72 
2025/1/13 17:56:26,53.01 
2025/1/13 17:56:29,45.97 
2025/1/13 17:56:31,46.09 
2025/1/13 17:56:33,46.72 
2025/1/13 17:56:35,46.72 
2025/1/13 17:56:37,42.95 
2025/1/13 17:56:39,49.22 
2025/1/13 17:56:41,48.52 
2025/1/13 17:56:44,43.26 
2025/1/13 17:56:46,48.17 
2025/1/13 17:56:48,44.13 
2025/1/13 17:56:50,43.52 
2025/1/13 17:56:52,43.52 
2025/1/13 17:56:54,52.20 
2025/1/13 17:56:56,45.85 
2025/1/13 17:56:58,44.92 
2025/1/13 17:57:01,58.57 
2025/1/13 17:57:05,49.34 
2025/1/13 17:57:07,49.34 
2025/1/13 17:57:09,50.12 
2025/1/13 17:57:11,44.08 
2025/1/13 17:57:13,44.85 
2025/1/13 17:57:15,44.81 
2025/1/13 17:57:18,39.88 
2025/1/13 17:57:20,40.51 
2025/1/13 17:57:22,40.51 
2025/1/13 17:57:24,39.57 
2025/1/13 17:57:26,34.40 
2025/1/13 17:57:28,47.54 
2025/1/13 17:57:30,43.79 
2025/1/13 17:57:32,39.11 
2025/1/13 17:57:34,42.24 
2025/1/13 17:57:37,42.24 
2025/1/13 17:57:39,41.30 
2025/1/13 17:57:41,40.50 
2025/1/13 17:57:43,60.22 
2025/1/13 17:57:45,51.92 
2025/1/13 17:57:47,52.70 
2025/1/13 17:57:49,64.69 
2025/1/13 17:57:51,64.69 
2025/1/13 17:57:54,57.69 
2025/1/13 17:57:56,54.24 
2025/1/13 17:57:58,54.39 
2025/1/13 17:58:00,49.30 
2025/1/13 17:58:02,52.40 
2025/1/13 17:58:04,53.48 
2025/1/13 17:58:06,53.42 
2025/1/13 17:58:08,53.42 
2025/1/13 17:58:11,63.68 
2025/1/13 17:58:13,59.03 
2025/1/13 17:58:15,59.26 
2025/1/13 17:58:17,77.51 
2025/1/13 17:58:19,72.98 
2025/1/13 17:58:21,82.95 
2025/1/13 17:58:23,82.95 
2025/1/13 17:58:25,97.87 
2025/1/13 17:58:28,91.46 
2025/1/13 17:58:30,98.78 
2025/1/13 17:58:34,100.70 
2025/1/13 17:58:36,116.67 
2025/1/13 17:58:38,116.67 
2025/1/13 17:58:40,117.21 
2025/1/13 17:58:42,114.63 
2025/1/13 17:58:45,114.22 
2025/1/13 17:58:47,100.11 
2025/1/13 17:58:49,85.21 
2025/1/13 17:58:51,85.14 
2025/1/13 17:58:53,72.01 
2025/1/13 17:58:55,72.01 
2025/1/13 17:58:57,64.05 
2025/1/13 17:58:59,67.88 
2025/1/13 17:59:02,60.61 
2025/1/13 17:59:04,61.93 
2025/1/13 17:59:08,59.47 
2025/1/13 17:59:10,59.47 
2025/1/13 17:59:12,63.27 
2025/1/13 17:59:14,71.92 
2025/1/13 17:59:16,64.54 
2025/1/13 17:59:19,65.41 
2025/1/13 17:59:21,64.53 
2025/1/13 17:59:23,57.91 
2025/1/13 17:59:25,57.91 
2025/1/13 17:59:27,67.75 
2025/1/13 17:59:29,64.30 
2025/1/13 17:59:31,61.16 
2025/1/13 17:59:33,82.55 
2025/1/13 17:59:36,72.96 
2025/1/13 17:59:38,73.09 
2025/1/13 17:59:40,77.57 
2025/1/13 17:59:42,77.57 
2025/1/13 17:59:44,70.30 
2025/1/13 17:59:46,68.88 
2025/1/13 17:59:48,70.29 
2025/1/13 17:59:50,64.99 
2025/1/13 17:59:53,64.90 
2025/1/13 17:59:55,73.50 
2025/1/13 17:59:57,73.50 
2025/1/13 17:59:59,69.95 
2025/1/13 18:00:01,68.39 
2025/1/13 18:00:03,67.19 
2025/1/13 18:00:05,56.54 
2025/1/13 18:00:07,64.55 
2025/1/13 18:00:09,57.77 
2025/1/13 18:00:12,57.77 
2025/1/13 18:00:14,52.17 
2025/1/13 18:00:16,57.65 
2025/1/13 18:00:18,51.01 
2025/1/13 18:00:20,51.06 
2025/1/13 18:00:22,57.43 
2025/1/13 18:00:24,51.87 
2025/1/13 18:00:27,51.87 
2025/1/13 18:00:29,51.83 
2025/1/13 18:00:31,60.08 
2025/1/13 18:00:33,54.29 
2025/1/13 18:00:35,54.39 
2025/1/13 18:00:39,55.23 
2025/1/13 18:00:41,59.80 
2025/1/13 18:00:44,59.80 
2025/1/13 18:00:46,61.07 
2025/1/13 18:00:48,56.53 
2025/1/13 18:00:50,63.01 
2025/1/13 18:00:52,57.37 
2025/1/13 18:00:54,56.05 
2025/1/13 18:00:56,68.71 
2025/1/13 18:01:01,60.60 
2025/1/13 18:01:03,54.48 
2025/1/13 18:01:05,63.34 
2025/1/13 18:01:07,54.30 
2025/1/13 18:01:09,50.76 
2025/1/13 18:01:11,50.77 
2025/1/13 18:01:13,46.11 
2025/1/13 18:01:16,46.11 
2025/1/13 18:01:18,46.26 
2025/1/13 18:01:20,50.15 
2025/1/13 18:01:22,46.50 
2025/1/13 18:01:24,54.55 
2025/1/13 18:01:26,53.40 
2025/1/13 18:01:28,47.96 
2025/1/13 18:01:31,47.96 
2025/1/13 18:01:33,51.51 
2025/1/13 18:01:35,51.70 
2025/1/13 18:01:37,47.36 
2025/1/13 18:01:39,56.69 
2025/1/13 18:01:41,48.86 
2025/1/13 18:01:43,48.77 
2025/1/13 18:01:46,49.65 
2025/1/13 18:01:48,49.65 
2025/1/13 18:01:50,45.76 
2025/1/13 18:01:52,45.92 
2025/1/13 18:01:54,50.54 
2025/1/13 18:01:56,50.31 
2025/1/13 18:01:58,50.36 
2025/1/13 18:02:01,51.23 
2025/1/13 18:02:03,50.45 
2025/1/13 18:02:05,50.45 
2025/1/13 18:02:07,54.85 
2025/1/13 18:02:09,58.69 
2025/1/13 18:02:11,51.87 
2025/1/13 18:02:13,51.84 
2025/1/13 18:02:15,51.86 
2025/1/13 18:02:18,50.90 
2025/1/13 18:02:20,50.90 
2025/1/13 18:02:22,51.84 
2025/1/13 18:02:24,47.82 
2025/1/13 18:02:26,47.82 
2025/1/13 18:02:28,67.63 
2025/1/13 18:02:30,60.75 
2025/1/13 18:02:33,61.62 
2025/1/13 18:02:35,58.64 
2025/1/13 18:02:37,58.64 
2025/1/13 18:02:39,52.93 
2025/1/13 18:02:41,70.39 
2025/1/13 18:02:43,69.35 
2025/1/13 18:02:45,60.48 
2025/1/13 18:02:47,67.71 
2025/1/13 18:02:50,66.14 
2025/1/13 18:02:52,66.14 
2025/1/13 18:02:54,60.72 
2025/1/13 18:02:56,70.13 
2025/1/13 18:02:58,63.02 
2025/1/13 18:03:00,58.27 
2025/1/13 18:03:02,65.17 
2025/1/13 18:03:05,56.25 
2025/1/13 18:03:07,53.45 
2025/1/13 18:03:09,53.45 
2025/1/13 18:03:11,54.65 
2025/1/13 18:03:13,49.72 
2025/1/13 18:03:15,55.80 
2025/1/13 18:03:17,68.08 
2025/1/13 18:03:19,60.72 
2025/1/13 18:03:22,60.57 
2025/1/13 18:03:24,60.57 
2025/1/13 18:03:26,60.33 
2025/1/13 18:03:28,60.24 
2025/1/13 18:03:30,61.60 
2025/1/13 18:03:32,56.35 
2025/1/13 18:03:34,52.07 
2025/1/13 18:03:37,65.97 
2025/1/13 18:03:39,59.33 
2025/1/13 18:03:41,59.33 
2025/1/13 18:03:43,54.82 
2025/1/13 18:03:45,61.40 
2025/1/13 18:03:47,54.26 
2025/1/13 18:03:49,54.20 
2025/1/13 18:03:51,54.44 
2025/1/13 18:03:54,49.66 
2025/1/13 18:03:56,46.56 
2025/1/13 18:03:58,46.56 
2025/1/13 18:04:00,46.63 
2025/1/13 18:04:02,44.36 
2025/1/13 18:04:04,50.09 
2025/1/13 18:04:06,52.90 
2025/1/13 18:04:09,48.84 
2025/1/13 18:04:11,53.22 
2025/1/13 18:04:13,53.22 
2025/1/13 18:04:15,52.43 
2025/1/13 18:04:17,49.56 
2025/1/13 18:04:19,59.62 
2025/1/13 18:04:21,53.86 
2025/1/13 18:04:23,53.92 
2025/1/13 18:04:26,60.39 
2025/1/13 18:04:28,51.33 
2025/1/13 18:04:30,51.33 
2025/1/13 18:04:32,51.18 
2025/1/13 18:04:34,51.01 
2025/1/13 18:04:36,44.23 
2025/1/13 18:04:38,45.08 
2025/1/13 18:04:43,50.30 
2025/1/13 18:04:45,50.30 
2025/1/13 18:04:47,54.55 
2025/1/13 18:04:49,50.73 
2025/1/13 18:04:51,44.16 
2025/1/13 18:04:53,48.64 
2025/1/13 18:04:56,45.89 
2025/1/13 18:04:58,43.01 
2025/1/13 18:05:00,47.03 
2025/1/13 18:05:02,47.03 
2025/1/13 18:05:04,43.49 
2025/1/13 18:05:06,40.32 
2025/1/13 18:05:08,48.38 
2025/1/13 18:05:10,44.53 
2025/1/13 18:05:13,45.21 
2025/1/13 18:05:15,50.19 
2025/1/13 18:05:17,50.19 
2025/1/13 18:05:19,45.48 
2025/1/13 18:05:21,46.56 
2025/1/13 18:05:23,46.62 
2025/1/13 18:05:25,44.33 
2025/1/13 18:05:28,52.18 
2025/1/13 18:05:30,52.93 
2025/1/13 18:05:32,47.97 
2025/1/13 18:05:34,47.97 
2025/1/13 18:05:36,58.09 
2025/1/13 18:05:38,59.15 
2025/1/13 18:05:40,59.17 
2025/1/13 18:05:43,74.40 
2025/1/13 18:05:45,65.38 
2025/1/13 18:05:47,58.23 
2025/1/13 18:05:49,58.23 
2025/1/13 18:05:51,75.12 
2025/1/13 18:05:53,65.27 
2025/1/13 18:05:55,65.13 
2025/1/13 18:05:58,74.11 
2025/1/13 18:06:00,66.30 
2025/1/13 18:06:02,65.31 
2025/1/13 18:06:04,74.62 
2025/1/13 18:06:06,74.62 
2025/1/13 18:06:08,63.01 
2025/1/13 18:06:10,73.89 
2025/1/13 18:06:12,75.03 
2025/1/13 18:06:15,67.85 
2025/1/13 18:06:17,76.18 
2025/1/13 18:06:19,65.67 
2025/1/13 18:06:21,59.11 
2025/1/13 18:06:23,59.11 
2025/1/13 18:06:25,70.58 
2025/1/13 18:06:27,61.05 
2025/1/13 18:06:30,53.61 
2025/1/13 18:06:32,62.40 
2025/1/13 18:06:34,54.23 
2025/1/13 18:06:36,50.02 
2025/1/13 18:06:38,50.02 
2025/1/13 18:06:40,53.48 
2025/1/13 18:06:42,45.91 
2025/1/13 18:06:45,45.02 
2025/1/13 18:06:47,41.73 
2025/1/13 18:06:49,37.20 
2025/1/13 18:06:51,39.51 
2025/1/13 18:06:55,37.14 
2025/1/13 18:06:57,33.41 
2025/1/13 18:07:00,33.41 
2025/1/13 18:07:02,49.35 
2025/1/13 18:07:04,45.79 
2025/1/13 18:07:06,52.81 
2025/1/13 18:07:08,45.96 
2025/1/13 18:07:10,46.12 
2025/1/13 18:07:12,46.12 
2025/1/13 18:07:15,56.03 
2025/1/13 18:07:17,51.34 
2025/1/13 18:07:19,50.64 
2025/1/13 18:07:21,51.75 
2025/1/13 18:07:23,52.71 
2025/1/13 18:07:25,59.27 
2025/1/13 18:07:27,59.27 
2025/1/13 18:07:30,59.45 
2025/1/13 18:07:32,55.70 
2025/1/13 18:07:34,69.06 
2025/1/13 18:07:36,70.78 
2025/1/13 18:07:38,71.09 
2025/1/13 18:07:40,103.73 
2025/1/13 18:07:42,101.57 
2025/1/13 18:07:45,101.57 
2025/1/13 18:07:47,101.56 
2025/1/13 18:07:49,127.46 
2025/1/13 18:07:51,115.50 
2025/1/13 18:07:53,124.61 
2025/1/13 18:07:57,130.30 
2025/1/13 18:08:00,127.46 
2025/1/13 18:08:02,127.46 
2025/1/13 18:08:04,119.12 
2025/1/13 18:08:06,102.75 
2025/1/13 18:08:08,94.19 
2025/1/13 18:08:10,93.75 
2025/1/13 18:08:12,85.16 
2025/1/13 18:08:14,79.50 
2025/1/13 18:08:17,79.50 
2025/1/13 18:08:19,79.21 
2025/1/13 18:08:21,69.55 
2025/1/13 18:08:23,64.77 
2025/1/13 18:08:25,60.49 
2025/1/13 18:08:27,56.72 
2025/1/13 18:08:30,76.97 
2025/1/13 18:08:32,66.67 
2025/1/13 18:08:34,66.67 
2025/1/13 18:08:36,61.54 
2025/1/13 18:08:38,61.65 
2025/1/13 18:08:40,55.31 
2025/1/13 18:08:42,60.23 
2025/1/13 18:08:44,73.70 
2025/1/13 18:08:47,64.86 
2025/1/13 18:08:49,69.99 
2025/1/13 18:08:51,69.99 
2025/1/13 18:08:53,79.71 
2025/1/13 18:08:55,71.95 
2025/1/13 18:08:57,73.01 
2025/1/13 18:08:59,73.34 
2025/1/13 18:09:02,69.37 
2025/1/13 18:09:04,78.73 
2025/1/13 18:09:06,78.73 
2025/1/13 18:09:08,70.28 
2025/1/13 18:09:10,65.22 
2025/1/13 18:09:12,70.38 
2025/1/13 18:09:14,61.36 
2025/1/13 18:09:16,55.30 
2025/1/13 18:09:19,55.24 
2025/1/13 18:09:21,52.32 
2025/1/13 18:09:23,52.32 
2025/1/13 18:09:25,51.57 
2025/1/13 18:09:27,56.78 
2025/1/13 18:09:29,51.53 
2025/1/13 18:09:31,52.29 
2025/1/13 18:09:34,58.76 
2025/1/13 18:09:36,53.95 
2025/1/13 18:09:38,53.95 
2025/1/13 18:09:40,52.82 
2025/1/13 18:09:42,48.02 
2025/1/13 18:09:44,43.14 
2025/1/13 18:09:46,44.21 
2025/1/13 18:09:49,39.70 
2025/1/13 18:09:51,39.03 
2025/1/13 18:09:53,53.91 
2025/1/13 18:09:55,53.91 
2025/1/13 18:09:57,47.23 
2025/1/13 18:09:59,44.25 
2025/1/13 18:10:01,45.35 
2025/1/13 18:10:04,41.05 
2025/1/13 18:10:06,41.80 
2025/1/13 18:10:08,50.12 
2025/1/13 18:10:10,45.33 
2025/1/13 18:10:12,45.33 
2025/1/13 18:10:14,51.10 
2025/1/13 18:10:16,51.06 
2025/1/13 18:10:19,46.54 
2025/1/13 18:10:21,52.44 
2025/1/13 18:10:23,45.54 
2025/1/13 18:10:25,42.64 
2025/1/13 18:10:27,43.19 
2025/1/13 18:10:29,43.19 
2025/1/13 18:10:32,39.69 
2025/1/13 18:10:34,39.14 
2025/1/13 18:10:36,45.93 
2025/1/13 18:10:38,39.43 
2025/1/13 18:10:40,39.44 
2025/1/13 18:10:42,42.73 
2025/1/13 18:10:44,36.32 
2025/1/13 18:10:47,36.32 
2025/1/13 18:10:49,35.75 
2025/1/13 18:10:51,40.16 
2025/1/13 18:10:53,36.71 
2025/1/13 18:10:55,37.37 
2025/1/13 18:10:57,37.23 
2025/1/13 18:11:00,33.56 
2025/1/13 18:11:02,40.23 
2025/1/13 18:11:04,40.23 
2025/1/13 18:11:06,40.28 
2025/1/13 18:11:08,40.35 
2025/1/13 18:11:10,50.69 
2025/1/13 18:11:13,44.41 
2025/1/13 18:11:15,40.38 
2025/1/13 18:11:17,51.42 
2025/1/13 18:11:19,44.92 
2025/1/13 18:11:21,44.92 
2025/1/13 18:11:23,45.12 
2025/1/13 18:11:25,45.78 
2025/1/13 18:11:28,40.41 
2025/1/13 18:11:30,42.85 
2025/1/13 18:11:32,42.91 
2025/1/13 18:11:34,38.25 
2025/1/13 18:11:36,40.49 
2025/1/13 18:11:38,40.49 
2025/1/13 18:11:40,38.44 
2025/1/13 18:11:43,36.06 
2025/1/13 18:11:45,46.67 
2025/1/13 18:11:47,41.70 
2025/1/13 18:11:49,38.19 
2025/1/13 18:11:51,44.93 
2025/1/13 18:11:53,40.23 
2025/1/13 18:11:56,40.23 
2025/1/13 18:11:58,39.48 
2025/1/13 18:12:00,38.90 
2025/1/13 18:12:02,36.76 
2025/1/13 18:12:04,36.90 
2025/1/13 18:12:06,36.94 
2025/1/13 18:12:08,36.22 
2025/1/13 18:12:11,36.22 
2025/1/13 18:12:13,38.25 
2025/1/13 18:12:15,39.20 
2025/1/13 18:12:17,36.12 
2025/1/13 18:12:19,40.66 
2025/1/13 18:12:21,40.63 
2025/1/13 18:12:23,36.87 
2025/1/13 18:12:26,43.09 
2025/1/13 18:12:28,43.09 
2025/1/13 18:12:30,38.75 
2025/1/13 18:12:32,39.33 
2025/1/13 18:12:34,49.11 
2025/1/13 18:12:36,44.24 
2025/1/13 18:12:38,42.07 
2025/1/13 18:12:41,42.15 
2025/1/13 18:12:43,37.95 
2025/1/13 18:12:45,37.95 
2025/1/13 18:12:47,38.03 
2025/1/13 18:12:49,42.29 
2025/1/13 18:12:51,38.04 
2025/1/13 18:12:54,43.20 
2025/1/13 18:12:56,47.38 
2025/1/13 18:12:58,42.91 
2025/1/13 18:13:00,54.78 
2025/1/13 18:13:02,54.78 
2025/1/13 18:13:04,50.19 
2025/1/13 18:13:07,46.95 
2025/1/13 18:13:09,50.00 
2025/1/13 18:13:11,46.36 
2025/1/13 18:13:13,44.09 
2025/1/13 18:13:15,52.23 
2025/1/13 18:13:17,46.67 
2025/1/13 18:13:19,46.67 
2025/1/13 18:13:22,46.62 
2025/1/13 18:13:24,55.62 
2025/1/13 18:13:26,48.58 
2025/1/13 18:13:28,48.34 
2025/1/13 18:13:30,48.14 
2025/1/13 18:13:32,45.77 
2025/1/13 18:13:37,49.26 
2025/1/13 18:13:39,50.06 
2025/1/13 18:13:41,45.79 
2025/1/13 18:13:43,45.65 
2025/1/13 18:13:45,43.35 
2025/1/13 18:13:47,41.08 
2025/1/13 18:13:50,49.46 
2025/1/13 18:13:52,44.12 
2025/1/13 18:13:54,44.12 
2025/1/13 18:13:56,41.48 
2025/1/13 18:13:58,52.64 
2025/1/13 18:14:00,46.04 
2025/1/13 18:14:03,45.38 
2025/1/13 18:14:05,45.29 
2025/1/13 18:14:07,40.41 
2025/1/13 18:14:09,41.08 
2025/1/13 18:14:11,41.08 
2025/1/13 18:14:13,41.04 
2025/1/13 18:14:15,38.21 
2025/1/13 18:14:18,40.46 
2025/1/13 18:14:20,43.56 
2025/1/13 18:14:22,41.44 
2025/1/13 18:14:24,43.72 
2025/1/13 18:14:26,43.72 
2025/1/13 18:14:28,43.72 
2025/1/13 18:14:30,42.75 
2025/1/13 18:14:33,49.37 
2025/1/13 18:14:35,44.92 
2025/1/13 18:14:37,41.54 
2025/1/13 18:14:43,41.04 
2025/1/13 18:14:46,41.04 
2025/1/13 18:14:48,41.05 
2025/1/13 18:14:50,38.63 
2025/1/13 18:14:52,45.23 
2025/1/13 18:14:54,45.16 
2025/1/13 18:14:56,42.72 
2025/1/13 18:14:59,43.78 
2025/1/13 18:15:01,54.00 
2025/1/13 18:15:03,49.55 
2025/1/13 18:15:05,49.55 
2025/1/13 18:15:07,56.52 
2025/1/13 18:15:09,52.70 
2025/1/13 18:15:12,47.72 
2025/1/13 18:15:14,56.61 
2025/1/13 18:15:16,52.31 
2025/1/13 18:15:18,51.18 
2025/1/13 18:15:20,51.93 
2025/1/13 18:15:22,51.93 
2025/1/13 18:15:25,46.73 
2025/1/13 18:15:27,47.84 
2025/1/13 18:15:29,51.26 
2025/1/13 18:15:31,47.99 
2025/1/13 18:15:33,48.20 
2025/1/13 18:15:35,56.05 
2025/1/13 18:15:37,52.02 
2025/1/13 18:15:40,52.02 
2025/1/13 18:15:42,59.72 
2025/1/13 18:15:44,59.49 
2025/1/13 18:15:46,59.30 
2025/1/13 18:15:48,66.97 
2025/1/13 18:15:50,63.15 
2025/1/13 18:15:52,62.33 
2025/1/13 18:15:55,66.41 
2025/1/13 18:15:57,66.41 
2025/1/13 18:15:59,61.80 
2025/1/13 18:16:01,58.38 
2025/1/13 18:16:03,68.41 
2025/1/13 18:16:05,64.40 
2025/1/13 18:16:08,62.96 
2025/1/13 18:16:10,78.06 
2025/1/13 18:16:12,69.67 
2025/1/13 18:16:14,69.67 
2025/1/13 18:16:16,75.67 
2025/1/13 18:16:18,81.81 
2025/1/13 18:16:21,74.73 
2025/1/13 18:16:23,79.24 
2025/1/13 18:16:25,78.11 
2025/1/13 18:16:27,72.69 
2025/1/13 18:16:29,86.26 
2025/1/13 18:16:31,86.26 
2025/1/13 18:16:33,79.84 
2025/1/13 18:16:36,73.33 
2025/1/13 18:16:38,85.40 
2025/1/13 18:16:40,72.75 
2025/1/13 18:16:42,65.31 
2025/1/13 18:16:44,77.68 
2025/1/13 18:16:46,66.61 
2025/1/13 18:16:49,66.61 
2025/1/13 18:16:51,62.25 
2025/1/13 18:16:53,68.38 
2025/1/13 18:16:55,58.79 
2025/1/13 18:16:57,58.97 
2025/1/13 18:16:59,69.06 
2025/1/13 18:17:02,59.99 
2025/1/13 18:17:04,59.98 
2025/1/13 18:17:06,59.98 
2025/1/13 18:17:08,64.00 
2025/1/13 18:17:10,58.58 
2025/1/13 18:17:12,72.62 
2025/1/13 18:17:14,67.83 
2025/1/13 18:17:17,61.91 
2025/1/13 18:17:19,88.05 
2025/1/13 18:17:21,78.10 
2025/1/13 18:17:23,78.10 
2025/1/13 18:17:25,72.48 
2025/1/13 18:17:27,76.86 
2025/1/13 18:17:30,71.81 
2025/1/13 18:17:32,81.48 
2025/1/13 18:17:34,102.74 
2025/1/13 18:17:36,89.73 
2025/1/13 18:17:38,98.06 
2025/1/13 18:17:40,98.06 
2025/1/13 18:17:43,105.06 
2025/1/13 18:17:45,99.28 
2025/1/13 18:17:47,116.34 
2025/1/13 18:17:49,116.25 
2025/1/13 18:17:51,116.67 
2025/1/13 18:17:53,143.27 
2025/1/13 18:17:56,142.67 
2025/1/13 18:17:58,140.88 
2025/1/13 18:18:00,140.88 
2025/1/13 18:18:02,162.79 
2025/1/13 18:18:04,151.87 
2025/1/13 18:18:06,154.71 
2025/1/13 18:18:11,154.05 
2025/1/13 18:18:13,157.58 
2025/1/13 18:18:15,155.53 
2025/1/13 18:18:17,155.53 
2025/1/13 18:18:19,131.02 
2025/1/13 18:18:22,122.74 
2025/1/13 18:18:24,122.90 
2025/1/13 18:18:26,111.84 
2025/1/13 18:18:28,112.39 
2025/1/13 18:18:30,106.83 
2025/1/13 18:18:32,95.84 
2025/1/13 18:18:34,95.84 
2025/1/13 18:18:37,109.60 
2025/1/13 18:18:39,103.68 
2025/1/13 18:18:41,103.26 
2025/1/13 18:18:43,109.67 
2025/1/13 18:18:45,95.90 
2025/1/13 18:18:47,102.43 
2025/1/13 18:18:50,121.44 
2025/1/13 18:18:52,121.44 
2025/1/13 18:18:54,106.33 
2025/1/13 18:18:56,104.86 
2025/1/13 18:18:58,118.45 
2025/1/13 18:19:01,108.26 
2025/1/13 18:19:03,114.75 
2025/1/13 18:19:05,123.39 
2025/1/13 18:19:07,114.08 
2025/1/13 18:19:09,123.51 
2025/1/13 18:19:11,123.51 
2025/1/13 18:19:14,125.89 
2025/1/13 18:19:16,115.87 
2025/1/13 18:19:18,127.61 
2025/1/13 18:19:20,119.55 
2025/1/13 18:19:22,107.02 
2025/1/13 18:19:24,108.88 
2025/1/13 18:19:27,97.58 
2025/1/13 18:19:29,97.58 
2025/1/13 18:19:31,88.11 
2025/1/13 18:19:33,93.66 
2025/1/13 18:19:37,81.77 
2025/1/13 18:19:39,93.79 
2025/1/13 18:19:42,80.60 
2025/1/13 18:19:44,81.64 
2025/1/13 18:19:46,81.64 
2025/1/13 18:19:48,101.58 
2025/1/13 18:19:50,96.36 
2025/1/13 18:19:53,102.30 
2025/1/13 18:19:55,102.68 
2025/1/13 18:19:57,94.93 
2025/1/13 18:19:59,108.51 
2025/1/13 18:20:01,102.79 
2025/1/13 18:20:03,96.06 
2025/1/13 18:20:06,96.06 
2025/1/13 18:20:08,97.95 
2025/1/13 18:20:10,90.13 
2025/1/13 18:20:12,96.77 
2025/1/13 18:20:14,104.47 
2025/1/13 18:20:16,95.25 
2025/1/13 18:20:19,95.25 
2025/1/13 18:20:21,108.89 
2025/1/13 18:20:23,100.83 
2025/1/13 18:20:25,100.83 
2025/1/13 18:20:27,100.66 
2025/1/13 18:20:29,100.82 
2025/1/13 18:20:32,100.49 
2025/1/13 18:20:36,111.06 
2025/1/13 18:20:38,98.95 
2025/1/13 18:20:40,112.11 
2025/1/13 18:20:42,112.11 
2025/1/13 18:20:45,103.92 
2025/1/13 18:20:47,98.68 
2025/1/13 18:20:49,114.69 
2025/1/13 18:20:51,106.79 
2025/1/13 18:20:53,105.25 
2025/1/13 18:20:55,115.42 
2025/1/13 18:20:58,107.26 
2025/1/13 18:21:00,107.26 
2025/1/13 18:21:02,108.70 
2025/1/13 18:21:04,110.50 
2025/1/13 18:21:06,109.09 
2025/1/13 18:21:11,126.04 
2025/1/13 18:21:13,119.62 
2025/1/13 18:21:15,128.18 
2025/1/13 18:21:17,120.60 
2025/1/13 18:21:19,120.60 
2025/1/13 18:21:22,114.28 
2025/1/13 18:21:24,124.55 
2025/1/13 18:21:26,121.75 
2025/1/13 18:21:28,115.64 
2025/1/13 18:21:30,129.74 
2025/1/13 18:21:32,123.39 
2025/1/13 18:21:35,123.75 
2025/1/13 18:21:37,123.75 
2025/1/13 18:21:39,142.95 
2025/1/13 18:21:41,135.93 
2025/1/13 18:21:43,135.89 
2025/1/13 18:21:45,146.24 
2025/1/13 18:21:48,135.68 
2025/1/13 18:21:50,146.60 
2025/1/13 18:21:52,149.87 
2025/1/13 18:21:54,149.39 
2025/1/13 18:21:56,149.39 
2025/1/13 18:21:58,159.11 
2025/1/13 18:22:01,158.75 
2025/1/13 18:22:03,158.27 
2025/1/13 18:22:05,176.09 
2025/1/13 18:22:07,173.76 
2025/1/13 18:22:09,170.93 
2025/1/13 18:22:11,183.85 
2025/1/13 18:22:14,183.85 
2025/1/13 18:22:16,173.02 
2025/1/13 18:22:18,176.14 
2025/1/13 18:22:20,191.39 
2025/1/13 18:22:22,190.79 
2025/1/13 18:22:25,191.11 
2025/1/13 18:22:27,194.44 
2025/1/13 18:22:29,193.63 
2025/1/13 18:22:31,197.89 
2025/1/13 18:22:33,197.89 
2025/1/13 18:22:35,202.37 
2025/1/13 18:22:38,202.03 
2025/1/13 18:22:40,202.64 
2025/1/13 18:22:44,202.52 
2025/1/13 18:22:46,214.21 
2025/1/13 18:22:48,214.21 
2025/1/13 18:22:51,214.21 
2025/1/13 18:22:53,214.21 
2025/1/13 18:22:55,214.21 
2025/1/13 18:22:57,214.21 
2025/1/13 18:23:06,622.01 
2025/1/13 18:23:08,547.02 
2025/1/13 18:23:10,547.02 
2025/1/13 18:23:12,461.06 
2025/1/13 18:23:14,410.88 
2025/1/13 18:23:17,377.16 
2025/1/13 18:23:19,340.87 
2025/1/13 18:23:21,339.63 
2025/1/13 18:23:23,313.89 
2025/1/13 18:23:25,290.16 
2025/1/13 18:23:28,290.16 
2025/1/13 18:23:30,286.14 
2025/1/13 18:23:32,267.60 
2025/1/13 18:23:34,264.34 
2025/1/13 18:23:36,264.28 
2025/1/13 18:23:38,258.50 
2025/1/13 18:23:41,253.47 
2025/1/13 18:23:43,258.58 
2025/1/13 18:23:45,253.46 
2025/1/13 18:23:47,253.46 
2025/1/13 18:23:49,248.90 
2025/1/13 18:23:52,248.98 
2025/1/13 18:23:54,247.91 
2025/1/13 18:23:56,248.58 
2025/1/13 18:23:58,266.34 
2025/1/13 18:24:00,260.55 
2025/1/13 18:24:02,261.08 
2025/1/13 18:24:05,261.08 
2025/1/13 18:24:07,260.18 
2025/1/13 18:24:09,255.69 
2025/1/13 18:24:11,261.24 
2025/1/13 18:24:13,260.73 
2025/1/13 18:24:15,255.41 
2025/1/13 18:24:18,259.29 
2025/1/13 18:24:20,254.81 
2025/1/13 18:24:22,250.57 
2025/1/13 18:24:24,250.57 
2025/1/13 18:24:26,254.19 
2025/1/13 18:24:31,253.94 
2025/1/13 18:24:33,258.74 
2025/1/13 18:24:35,253.93 
2025/1/13 18:24:37,253.63 
2025/1/13 18:24:39,273.02 
2025/1/13 18:24:42,272.15 
2025/1/13 18:24:44,272.15 
2025/1/13 18:24:46,268.59 
2025/1/13 18:24:48,263.37 
2025/1/13 18:24:50,258.48 
2025/1/13 18:24:52,254.04 
2025/1/13 18:24:57,244.71 
2025/1/13 18:24:59,262.41 
2025/1/13 18:25:01,262.41 
2025/1/13 18:25:03,249.67 
2025/1/13 18:25:05,249.37 
2025/1/13 18:25:08,254.68 
2025/1/13 18:25:10,253.78 
2025/1/13 18:25:12,248.91 
2025/1/13 18:25:14,266.36 
2025/1/13 18:25:16,260.94 
2025/1/13 18:25:19,255.89 
2025/1/13 18:25:21,255.89 
2025/1/13 18:25:23,256.31 
2025/1/13 18:25:25,253.03 
2025/1/13 18:25:27,253.99 
2025/1/13 18:25:29,259.35 
2025/1/13 18:25:32,255.96 
2025/1/13 18:25:34,256.66 
2025/1/13 18:25:36,255.85 
2025/1/13 18:25:38,255.85 
2025/1/13 18:25:40,250.52 
2025/1/13 18:25:42,251.11 
2025/1/13 18:25:45,250.58 
2025/1/13 18:25:47,237.26 
2025/1/13 18:25:49,238.28 
2025/1/13 18:25:51,234.73 
2025/1/13 18:25:53,229.90 
2025/1/13 18:25:56,234.80 
2025/1/13 18:25:58,234.80 
2025/1/13 18:26:00,235.90 
2025/1/13 18:26:02,248.72 
2025/1/13 18:26:04,266.04 
2025/1/13 18:26:06,246.91 
2025/1/13 18:26:09,247.84 
2025/1/13 18:26:11,248.53 
2025/1/13 18:26:13,244.23 
2025/1/13 18:26:15,244.23 
2025/1/13 18:26:17,243.57 
2025/1/13 18:26:20,242.83 
2025/1/13 18:26:24,230.78 
2025/1/13 18:26:26,233.75 
2025/1/13 18:26:28,228.53 
2025/1/13 18:26:30,231.87 
2025/1/13 18:26:33,227.58 
2025/1/13 18:26:35,226.70 
2025/1/13 18:26:37,226.70 
2025/1/13 18:26:39,227.60 
2025/1/13 18:26:41,222.46 
2025/1/13 18:26:44,219.19 
2025/1/13 18:26:46,224.12 
2025/1/13 18:26:48,223.29 
2025/1/13 18:26:50,220.32 
2025/1/13 18:26:52,236.20 
2025/1/13 18:26:55,224.33 
2025/1/13 18:26:57,224.33 
2025/1/13 18:26:59,227.85 
2025/1/13 18:27:01,228.64 
2025/1/13 18:27:03,229.10 
2025/1/13 18:27:05,245.66 
2025/1/13 18:27:08,245.58 
2025/1/13 18:27:10,245.18 
2025/1/13 18:27:12,245.91 
2025/1/13 18:27:14,245.91 
2025/1/13 18:27:16,242.27 
2025/1/13 18:27:19,239.26 
2025/1/13 18:27:21,266.99 
2025/1/13 18:27:23,249.84 
2025/1/13 18:27:25,250.49 
2025/1/13 18:27:27,256.75 
2025/1/13 18:27:30,256.95 
2025/1/13 18:27:32,256.98 
2025/1/13 18:27:34,256.98 
2025/1/13 18:27:36,257.50 
2025/1/13 18:27:38,243.35 
2025/1/13 18:27:40,244.35 
2025/1/13 18:27:43,245.43 
2025/1/13 18:27:45,240.36 
2025/1/13 18:27:47,259.56 
2025/1/13 18:27:49,246.55 
2025/1/13 18:27:51,241.22 
2025/1/13 18:27:54,241.22 
2025/1/13 18:27:56,245.87 
2025/1/13 18:27:58,233.64 
2025/1/13 18:28:00,228.57 
2025/1/13 18:28:02,233.52 
2025/1/13 18:28:04,229.30 
2025/1/13 18:28:07,225.95 
2025/1/13 18:28:09,241.16 
2025/1/13 18:28:11,225.76 
2025/1/13 18:28:13,225.76 
2025/1/13 18:28:15,224.88 
2025/1/13 18:28:18,225.24 
2025/1/13 18:28:20,220.60 
2025/1/13 18:28:22,220.76 
2025/1/13 18:28:24,219.86 
2025/1/13 18:28:26,207.42 
2025/1/13 18:28:29,229.35 
2025/1/13 18:28:31,225.25 
2025/1/13 18:28:33,225.25 
2025/1/13 18:28:35,221.23 
2025/1/13 18:28:37,242.62 
2025/1/13 18:28:39,242.10 
2025/1/13 18:28:42,242.14 
2025/1/13 18:28:44,271.29 
2025/1/13 18:28:46,270.99 
2025/1/13 18:28:48,271.58 
2025/1/13 18:28:50,313.99 
2025/1/13 18:28:53,313.99 
2025/1/13 18:28:55,312.89 
2025/1/13 18:28:57,314.10 
2025/1/13 18:28:59,342.58 
2025/1/13 18:29:01,324.21 
2025/1/13 18:29:03,329.63 
2025/1/13 18:29:06,328.50 
2025/1/13 18:29:08,303.10 
2025/1/13 18:29:10,303.10 
2025/1/13 18:29:12,303.31 
2025/1/13 18:29:14,283.80 
2025/1/13 18:29:17,264.29 
2025/1/13 18:29:19,263.25 
2025/1/13 18:29:21,237.38 
2025/1/13 18:29:23,233.37 
2025/1/13 18:29:25,236.75 
2025/1/13 18:29:28,225.07 
2025/1/13 18:29:30,225.07 
2025/1/13 18:29:32,220.59 
2025/1/13 18:29:34,217.46 
2025/1/13 18:29:36,206.65 
2025/1/13 18:29:38,206.92 
2025/1/13 18:29:41,221.92 
2025/1/13 18:29:43,221.12 
2025/1/13 18:29:45,235.97 
2025/1/13 18:29:47,241.90 
2025/1/13 18:29:49,241.90 
2025/1/13 18:29:52,241.21 
2025/1/13 18:29:54,254.34 
2025/1/13 18:29:56,250.64 
2025/1/13 18:29:58,249.61 
2025/1/13 18:30:00,285.44 
2025/1/13 18:30:03,279.77 
2025/1/13 18:30:05,273.94 
2025/1/13 18:30:07,298.69 
2025/1/13 18:30:09,298.69 
2025/1/13 18:30:11,291.81 
2025/1/13 18:30:14,287.11 
2025/1/13 18:30:16,286.88 
2025/1/13 18:30:18,271.84 
2025/1/13 18:30:20,267.98 
2025/1/13 18:30:22,251.10 
2025/1/13 18:30:24,245.76 
2025/1/13 18:30:27,227.75 
2025/1/13 18:30:29,227.75 
2025/1/13 18:30:31,226.83 
2025/1/13 18:30:33,226.22 
2025/1/13 18:30:35,226.48 
2025/1/13 18:30:38,225.47 
2025/1/13 18:30:40,212.13 
2025/1/13 18:30:42,226.57 
2025/1/13 18:30:44,212.85 
2025/1/13 18:30:46,212.94 
2025/1/13 18:30:49,251.98 
2025/1/13 18:30:51,251.98 
2025/1/13 18:30:53,230.96 
2025/1/13 18:30:55,219.63 
2025/1/13 18:30:57,220.09 
2025/1/13 18:31:00,216.43 
2025/1/13 18:31:02,215.78 
2025/1/13 18:31:04,215.47 
2025/1/13 18:31:06,202.91 
2025/1/13 18:31:08,202.91 
2025/1/13 18:31:11,203.31 
2025/1/13 18:31:13,217.03 
2025/1/13 18:31:15,214.23 
2025/1/13 18:31:17,226.96 
2025/1/13 18:31:19,227.54 
2025/1/13 18:31:21,222.36 
2025/1/13 18:31:24,225.92 
2025/1/13 18:31:26,225.70 
2025/1/13 18:31:28,225.34 
2025/1/13 18:31:30,225.34 
2025/1/13 18:31:32,228.78 
2025/1/13 18:31:35,228.34 
2025/1/13 18:31:37,223.11 
2025/1/13 18:31:39,222.81 
2025/1/13 18:31:41,218.76 
2025/1/13 18:31:43,218.14 
2025/1/13 18:31:46,217.79 
2025/1/13 18:31:48,216.89 
2025/1/13 18:31:50,216.89 
2025/1/13 18:31:52,216.32 
2025/1/13 18:31:54,217.32 
2025/1/13 18:31:57,217.35 
2025/1/13 18:31:59,218.31 
2025/1/13 18:32:01,230.40 
2025/1/13 18:32:03,229.65 
2025/1/13 18:32:05,246.57 
2025/1/13 18:32:08,229.77 
2025/1/13 18:32:10,229.77 
2025/1/13 18:32:12,229.99 
2025/1/13 18:32:14,252.12 
2025/1/13 18:32:16,252.00 
2025/1/13 18:32:19,255.23 
2025/1/13 18:32:21,261.31 
2025/1/13 18:32:23,262.21 
2025/1/13 18:32:25,262.41 
2025/1/13 18:32:27,262.55 
2025/1/13 18:32:30,262.55 
2025/1/13 18:32:32,248.54 
2025/1/13 18:32:34,251.89 
2025/1/13 18:32:36,258.17 
2025/1/13 18:32:38,294.97 
2025/1/13 18:32:41,317.96 
2025/1/13 18:32:43,323.11 
2025/1/13 18:32:45,324.09 
2025/1/13 18:32:47,325.03 
2025/1/13 18:32:49,324.57 
2025/1/13 18:32:52,324.57 
2025/1/13 18:32:54,308.04 
2025/1/13 18:32:56,307.00 
2025/1/13 18:32:58,273.90 
2025/1/13 18:33:00,268.93 
2025/1/13 18:33:03,265.00 
2025/1/13 18:33:05,266.02 
2025/1/13 18:33:07,306.42 
2025/1/13 18:33:09,330.61 
2025/1/13 18:33:11,330.61 
2025/1/13 18:33:14,372.03 
2025/1/13 18:33:16,395.35 
2025/1/13 18:33:18,403.73 
2025/1/13 18:33:20,413.47 
2025/1/13 18:33:22,414.03 
2025/1/13 18:33:24,414.81 
2025/1/13 18:33:27,405.42 
2025/1/13 18:33:29,381.61 
2025/1/13 18:33:31,381.61 
2025/1/13 18:33:33,405.45 
2025/1/13 18:33:35,411.17 
2025/1/13 18:33:38,411.47 
2025/1/13 18:33:40,364.55 
2025/1/13 18:33:42,336.15 
2025/1/13 18:33:44,335.66 
2025/1/13 18:33:46,329.90 
2025/1/13 18:33:49,313.60 
2025/1/13 18:33:51,313.60 
2025/1/13 18:33:53,319.76 
2025/1/13 18:33:55,321.38 
2025/1/13 18:33:57,321.23 
2025/1/13 18:34:00,353.03 
2025/1/13 18:34:02,353.25 
2025/1/13 18:34:04,325.84 
2025/1/13 18:34:06,325.87 
2025/1/13 18:34:08,371.30 
2025/1/13 18:34:11,369.93 
2025/1/13 18:34:13,369.93 
2025/1/13 18:34:15,371.63 
2025/1/13 18:34:17,350.06 
2025/1/13 18:34:19,351.17 
2025/1/13 18:34:22,351.18 
2025/1/13 18:34:24,374.99 
2025/1/13 18:34:26,373.21 
2025/1/13 18:34:28,422.64 
2025/1/13 18:34:30,390.04 
2025/1/13 18:34:33,390.04 
2025/1/13 18:34:35,355.47 
2025/1/13 18:34:37,354.55 
2025/1/13 18:34:39,314.32 
2025/1/13 18:34:41,364.55 
2025/1/13 18:34:44,359.58 
2025/1/13 18:34:46,323.05 
2025/1/13 18:34:48,355.08 
2025/1/13 18:34:50,350.69 
2025/1/13 18:34:52,350.69 
2025/1/13 18:34:55,387.67 
2025/1/13 18:34:57,420.99 
2025/1/13 18:34:59,428.27 
2025/1/13 18:35:01,468.95 
2025/1/13 18:35:03,521.37 
2025/1/13 18:35:06,463.85 
2025/1/13 18:35:08,431.12 
2025/1/13 18:35:10,430.84 
2025/1/13 18:35:12,381.49 
2025/1/13 18:35:14,381.49 
2025/1/13 18:35:17,355.38 
2025/1/13 18:35:19,349.27 
2025/1/13 18:35:21,343.20 
2025/1/13 18:35:23,347.73 
2025/1/13 18:35:25,321.88 
2025/1/13 18:35:28,292.13 
2025/1/13 18:35:30,290.86 
2025/1/13 18:35:32,269.60 
2025/1/13 18:35:34,269.60 
2025/1/13 18:35:36,275.38 
2025/1/13 18:35:39,319.66 
2025/1/13 18:35:41,298.19 
2025/1/13 18:35:43,298.59 
2025/1/13 18:35:45,298.65 
2025/1/13 18:35:48,273.65 
2025/1/13 18:35:50,274.65 
2025/1/13 18:35:52,270.63 
2025/1/13 18:35:54,264.43 
2025/1/13 18:35:56,264.43 
2025/1/13 18:35:58,295.78 
2025/1/13 18:36:01,294.81 
2025/1/13 18:36:03,279.90 
2025/1/13 18:36:05,285.06 
2025/1/13 18:36:07,285.16 
2025/1/13 18:36:09,280.20 
2025/1/13 18:36:12,295.80 
2025/1/13 18:36:14,280.21 
2025/1/13 18:36:16,280.21 
2025/1/13 18:36:18,279.12 
2025/1/13 18:36:20,325.66 
2025/1/13 18:36:23,352.56 
2025/1/13 18:36:25,353.55 
2025/1/13 18:36:27,361.50 
2025/1/13 18:36:29,332.27 
2025/1/13 18:36:31,314.33 
2025/1/13 18:36:34,292.40 
2025/1/13 18:36:36,292.40 
2025/1/13 18:36:38,276.60 
2025/1/13 18:36:40,324.67 
2025/1/13 18:36:42,304.10 
2025/1/13 18:36:45,281.25 
2025/1/13 18:36:47,280.14 
2025/1/13 18:36:49,262.76 
2025/1/13 18:36:51,249.52 
2025/1/13 18:36:53,271.27 
2025/1/13 18:36:56,254.11 
2025/1/13 18:36:58,254.11 
2025/1/13 18:37:00,268.01 
2025/1/13 18:37:02,293.37 
2025/1/13 18:37:05,292.48 
2025/1/13 18:37:07,291.80 
2025/1/13 18:37:09,307.28 
2025/1/13 18:37:11,282.18 
2025/1/13 18:37:13,286.06 
2025/1/13 18:37:16,282.29 
2025/1/13 18:37:18,282.29 
2025/1/13 18:37:20,264.48 
2025/1/13 18:37:22,270.23 
2025/1/13 18:37:24,254.81 
2025/1/13 18:37:27,253.83 
2025/1/13 18:37:29,252.74 
2025/1/13 18:37:31,234.29 
2025/1/13 18:37:33,230.73 
2025/1/13 18:37:35,230.19 
2025/1/13 18:37:44,223.90 
2025/1/13 18:37:46,220.31 
2025/1/13 18:37:49,223.32 
2025/1/13 18:37:51,224.28 
2025/1/13 18:37:53,223.39 
2025/1/13 18:37:55,228.46 
2025/1/13 18:37:57,228.47 
2025/1/13 18:38:00,228.47 
2025/1/13 18:38:02,227.48 
2025/1/13 18:38:04,239.67 
2025/1/13 18:38:06,227.72 
2025/1/13 18:38:08,213.19 
2025/1/13 18:38:11,217.48 
2025/1/13 18:38:13,213.92 
2025/1/13 18:38:15,210.27 
2025/1/13 18:38:17,209.51 
2025/1/13 18:38:19,209.51 
2025/1/13 18:38:22,198.79 
2025/1/13 18:38:24,198.79 
2025/1/13 18:38:26,198.79 
2025/1/13 18:38:28,198.79 
2025/1/13 18:38:30,156.51 
2025/1/13 18:38:33,176.03 
2025/1/13 18:38:35,189.38 
2025/1/13 18:38:37,203.87 
2025/1/13 18:38:39,203.50 
2025/1/13 18:38:41,203.50 
2025/1/13 18:38:44,200.96 
2025/1/13 18:38:46,201.45 
2025/1/13 18:38:48,201.58 
2025/1/13 18:38:50,201.39 
2025/1/13 18:38:53,201.87 
2025/1/13 18:38:55,197.64 
2025/1/13 18:38:57,197.12 
2025/1/13 18:38:59,196.71 
2025/1/13 18:39:01,196.00 
2025/1/13 18:39:04,196.00 
2025/1/13 18:39:06,192.47 
2025/1/13 18:39:08,192.04 
2025/1/13 18:39:10,191.95 
2025/1/13 18:39:12,195.05 
2025/1/13 18:39:15,195.79 
2025/1/13 18:39:17,196.15 
2025/1/13 18:39:19,200.41 
2025/1/13 18:39:21,200.57 
2025/1/13 18:39:23,200.57 
2025/1/13 18:39:26,201.38 
2025/1/13 18:39:28,216.65 
2025/1/13 18:39:30,216.65 
2025/1/13 18:39:32,216.65 
2025/1/13 18:39:34,216.65 
2025/1/13 18:39:37,216.65 
2025/1/13 18:39:50,567.01 
2025/1/13 18:39:52,489.55 
2025/1/13 18:39:54,450.97 
2025/1/13 18:39:57,403.02 
2025/1/13 18:39:59,357.78 
2025/1/13 18:40:01,358.34 
2025/1/13 18:40:03,335.69 
2025/1/13 18:40:05,308.54 
2025/1/13 18:40:08,308.54 
2025/1/13 18:40:10,329.99 
2025/1/13 18:40:12,329.43 
2025/1/13 18:40:14,354.99 
2025/1/13 18:40:17,336.27 
2025/1/13 18:40:19,313.23 
2025/1/13 18:40:21,317.46 
2025/1/13 18:40:23,345.51 
2025/1/13 18:40:25,351.25 
2025/1/13 18:40:28,360.19 
2025/1/13 18:40:30,360.19 
2025/1/13 18:40:32,389.76 
2025/1/13 18:40:34,381.09 
2025/1/13 18:40:36,444.21 
2025/1/13 18:40:39,497.96 
2025/1/13 18:40:41,486.62 
2025/1/13 18:40:43,418.82 
2025/1/13 18:40:45,420.21 
2025/1/13 18:40:48,371.37 
2025/1/13 18:40:50,372.90 
2025/1/13 18:40:52,372.90 
2025/1/13 18:40:54,414.81 
2025/1/13 18:40:56,389.46 
2025/1/13 18:40:59,390.11 
2025/1/13 18:41:01,354.93 
2025/1/13 18:41:03,335.18 
2025/1/13 18:41:05,340.26 
2025/1/13 18:41:08,365.31 
2025/1/13 18:41:10,357.61 
2025/1/13 18:41:12,391.91 
2025/1/13 18:41:14,391.91 
2025/1/13 18:41:16,416.74 
2025/1/13 18:41:19,383.59 
2025/1/13 18:41:21,384.14 
2025/1/13 18:41:23,414.60 
2025/1/13 18:41:25,467.49 
2025/1/13 18:41:27,457.88 
2025/1/13 18:41:30,404.53 
2025/1/13 18:41:32,403.31 
2025/1/13 18:41:34,378.66 
2025/1/13 18:41:36,378.66 
2025/1/13 18:41:39,378.99 
2025/1/13 18:41:41,384.54 
2025/1/13 18:41:43,361.56 
2025/1/13 18:41:45,385.26 
2025/1/13 18:41:47,426.12 
2025/1/13 18:41:50,426.43 
2025/1/13 18:41:52,425.74 
2025/1/13 18:41:54,418.34 
2025/1/13 18:41:56,348.67 
2025/1/13 18:41:58,348.67 
2025/1/13 18:42:01,317.52 
2025/1/13 18:42:03,282.91 
2025/1/13 18:42:05,263.00 
2025/1/13 18:42:07,262.58 
2025/1/13 18:42:10,248.55 
2025/1/13 18:42:12,274.94 
2025/1/13 18:42:14,269.75 
2025/1/13 18:42:16,247.16 
2025/1/13 18:42:18,232.61 
2025/1/13 18:42:21,232.61 
2025/1/13 18:42:23,233.52 
2025/1/13 18:42:25,228.93 
2025/1/13 18:42:27,227.87 
2025/1/13 18:42:30,223.62 
2025/1/13 18:42:32,210.50 
2025/1/13 18:42:34,210.53 
2025/1/13 18:42:36,214.69 
2025/1/13 18:42:38,214.70 
2025/1/13 18:42:41,215.50 
2025/1/13 18:42:43,215.50 
2025/1/13 18:42:45,214.71 
2025/1/13 18:42:47,213.75 
2025/1/13 18:42:50,245.83 
2025/1/13 18:42:52,233.53 
2025/1/13 18:42:54,228.70 
2025/1/13 18:42:56,224.24 
2025/1/13 18:42:58,223.64 
2025/1/13 18:43:01,224.36 
2025/1/13 18:43:03,245.07 
2025/1/13 18:43:05,245.07 
2025/1/13 18:43:07,241.38 
2025/1/13 18:43:10,240.40 
2025/1/13 18:43:12,237.18 
2025/1/13 18:43:14,223.06 
2025/1/13 18:43:16,226.60 
2025/1/13 18:43:18,231.87 
2025/1/13 18:43:21,235.56 
2025/1/13 18:43:23,238.83 
2025/1/13 18:43:25,238.27 
2025/1/13 18:43:27,226.87 
2025/1/13 18:43:30,226.87 
2025/1/13 18:43:32,226.09 
2025/1/13 18:43:34,221.61 
2025/1/13 18:43:36,218.86 
2025/1/13 18:43:38,218.42 
2025/1/13 18:43:41,221.53 
2025/1/13 18:43:43,222.40 
2025/1/13 18:43:45,222.98 
2025/1/13 18:43:47,222.23 
2025/1/13 18:43:50,218.39 
2025/1/13 18:43:52,218.39 
2025/1/13 18:43:54,214.85 
2025/1/13 18:43:56,214.43 
